Trial,num_turns,num_R,num_L,LLLL,LLLR,LLRL,LLRR,LRLL,LRLR,LRRL,LRRR,RLLL,RLLR,RLRL,RLRR,RRLL,RRLR,RRRL,RRRR,alternations,repetitions,Animal_Number,Group,anxiety_group
1,86,49,37,0,0,0,1.85,0,18.52,7.41,7.41,0,5.56,22.22,9.26,5.56,9.26,9.26,3.7,40.74,3.7,1,CTRL,High Anxiety
2,75,36,39,0,1.67,5,3.33,5,25,8.33,1.67,1.67,8.33,21.67,6.67,6.67,3.33,1.67,0,46.67,0,1,CTRL,High Anxiety
3,130,72,58,0.81,2.44,4.07,2.44,4.88,20.33,8.13,2.44,2.44,4.07,21.14,8.94,1.63,10.57,2.44,3.25,41.46,4.07,1,CTRL,High Anxiety
4,53,29,24,0,0,4,0,4,30,4,4,0,4,30,8,0,8,4,0,60,0,1,CTRL,High Anxiety
5,88,49,39,0,0,0,0,0,35.14,8.11,1.35,0,1.35,33.78,9.46,0,9.46,1.35,0,68.92,0,1,CTRL,High Anxiety
6,96,54,42,1.18,1.18,1.18,1.18,1.18,27.06,10.59,2.35,1.18,1.18,24.71,12.94,1.18,10.59,2.35,0,51.76,1.18,1,CTRL,High Anxiety
1,82,41,41,2.27,2.27,2.27,9.09,2.27,13.64,6.82,4.55,2.27,9.09,22.73,2.27,4.55,6.82,4.55,4.55,36.36,6.82,2,CTRL,High Anxiety
2,50,29,21,0,0,0,7.69,3.85,11.54,15.38,0,0,7.69,23.08,7.69,3.85,11.54,3.85,3.85,34.62,3.85,2,CTRL,High Anxiety
3,42,20,22,0,0,10,10,0,10,0,10,0,10,10,0,10,0,10,20,20,20,2,CTRL,High Anxiety
4,70,37,33,3.85,3.85,7.69,0,0,23.08,3.85,3.85,0,3.85,23.08,7.69,3.85,7.69,3.85,3.85,46.15,7.69,2,CTRL,High Anxiety
5,82,40,42,0,2.38,11.9,0,9.52,21.43,4.76,0,2.38,11.9,21.43,4.76,0,7.14,2.38,0,42.86,0,2,CTRL,High Anxiety
6,72,40,32,0,0,3.12,0,3.12,15.62,6.25,9.38,0,6.25,15.62,12.5,3.12,12.5,12.5,0,31.25,0,2,CTRL,High Anxiety
1,71,40,31,3.33,1.67,3.33,5,3.33,11.67,8.33,6.67,1.67,6.67,11.67,11.67,5,8.33,6.67,5,23.33,8.33,3,CTRL,High Anxiety
2,45,21,24,2.7,5.41,10.81,2.7,8.11,10.81,13.51,0,5.41,10.81,5.41,10.81,5.41,8.11,0,0,16.22,2.7,3,CTRL,High Anxiety
3,46,24,22,0,4.17,8.33,0,8.33,12.5,0,12.5,4.17,0,4.17,12.5,0,8.33,12.5,12.5,16.67,12.5,3,CTRL,High Anxiety
4,57,34,23,0,0,0,8,4,8,16,8,0,4,8,20,0,16,4,4,16,4,3,CTRL,High Anxiety
5,51,25,26,0,3.57,0,14.29,3.57,10.71,14.29,3.57,0,7.14,17.86,3.57,3.57,14.29,3.57,0,28.57,0,3,CTRL,High Anxiety
6,52,24,28,0,8.33,8.33,8.33,8.33,8.33,16.67,0,8.33,0,8.33,16.67,0,8.33,0,0,16.67,0,3,CTRL,High Anxiety
1,108,54,54,1.37,1.37,8.22,2.74,6.85,16.44,8.22,2.74,1.37,8.22,17.81,8.22,2.74,8.22,2.74,2.74,34.25,4.11,4,CTRL,Low Anxiety
2,55,26,29,0,0,2.86,0,2.86,40,5.71,0,0,5.71,37.14,2.86,2.86,0,0,0,77.14,0,4,CTRL,Low Anxiety
3,112,53,59,1.27,1.27,6.33,1.27,2.53,29.11,8.86,0,0,7.59,26.58,6.33,5.06,3.8,0,0,55.7,1.27,4,CTRL,Low Anxiety
4,133,63,70,8.77,1.75,3.51,7.02,3.51,14.04,8.77,3.51,1.75,5.26,12.28,5.26,10.53,7.02,5.26,1.75,26.32,10.53,4,CTRL,Low Anxiety
5,128,56,72,9.84,4.92,4.92,8.2,8.2,4.92,13.11,1.64,6.56,4.92,6.56,3.28,6.56,8.2,4.92,3.28,11.48,13.11,4,CTRL,Low Anxiety
6,104,36,68,17.5,2.5,5,2.5,10,20,0,2.5,10,5,20,0,0,2.5,2.5,0,40,17.5,4,CTRL,Low Anxiety
1,88,36,52,10.87,6.52,8.7,6.52,13.04,8.7,2.17,4.35,8.7,8.7,13.04,2.17,2.17,2.17,2.17,0,21.74,10.87,5,CTRL,High Anxiety
2,39,21,18,6.45,6.45,6.45,6.45,6.45,6.45,3.23,9.68,6.45,6.45,6.45,3.23,3.23,9.68,9.68,3.23,12.9,9.68,5,CTRL,High Anxiety
3,20,10,10,0,9.09,0,27.27,9.09,0,9.09,9.09,9.09,18.18,0,0,9.09,0,0,0,0,0,5,CTRL,High Anxiety
4,50,25,25,7.89,5.26,10.53,5.26,7.89,7.89,10.53,2.63,5.26,7.89,5.26,7.89,7.89,5.26,0,2.63,13.16,10.53,5,CTRL,High Anxiety
5,50,22,28,9.09,9.09,3.03,9.09,9.09,0,9.09,6.06,6.06,3.03,6.06,6.06,6.06,9.09,6.06,3.03,6.06,12.12,5,CTRL,High Anxiety
6,69,32,37,7.14,14.29,2.38,9.52,0,2.38,11.9,7.14,11.9,0,4.76,7.14,7.14,9.52,4.76,0,7.14,7.14,5,CTRL,High Anxiety
1,108,59,49,0,2.17,5.43,3.26,4.35,20.65,4.35,4.35,2.17,6.52,19.57,6.52,4.35,4.35,4.35,7.61,40.22,7.61,6,CTRL,Low Anxiety
2,82,40,42,1.37,1.37,8.22,1.37,6.85,24.66,8.22,0,1.37,8.22,23.29,6.85,2.74,5.48,0,0,47.95,1.37,6,CTRL,Low Anxiety
3,140,65,75,5.22,6.09,6.96,3.48,8.7,13.91,6.09,3.48,6.96,6.09,14.78,3.48,4.35,5.22,3.48,1.74,28.7,6.96,6,CTRL,Low Anxiety
4,129,61,68,3.96,3.96,5.94,5.94,4.95,14.85,9.9,1.98,2.97,8.91,14.85,5.94,6.93,4.95,1.98,1.98,29.7,5.94,6,CTRL,Low Anxiety
5,137,82,55,0,0.92,4.59,2.75,1.83,13.76,5.5,9.17,0,6.42,12.84,12.84,4.59,9.17,8.26,7.34,26.61,7.34,6,CTRL,Low Anxiety
6,142,81,61,0,3.51,5.26,3.51,6.14,9.65,9.65,6.14,3.51,5.26,9.65,12.28,2.63,13.16,6.14,3.51,19.3,3.51,6,CTRL,Low Anxiety
1,71,31,40,3.12,6.25,7.81,7.81,9.38,9.38,7.81,3.12,6.25,10.94,10.94,3.12,6.25,4.69,3.12,0,20.31,3.12,7,CTRL,High Anxiety
2,54,21,33,9.76,7.32,12.2,4.88,9.76,12.2,2.44,2.44,7.32,7.32,14.63,0,4.88,2.44,2.44,0,26.83,9.76,7,CTRL,High Anxiety
3,49,21,28,6.98,9.3,4.65,6.98,4.65,16.28,2.33,6.98,9.3,2.33,13.95,2.33,6.98,0,4.65,2.33,30.23,9.3,7,CTRL,High Anxiety
4,45,20,25,0,7.69,11.54,7.69,15.38,3.85,7.69,3.85,7.69,11.54,3.85,3.85,3.85,7.69,3.85,0,7.69,0,7,CTRL,High Anxiety
5,27,13,14,0,0,10,10,0,10,20,0,0,20,10,10,10,0,0,0,20,0,7,CTRL,High Anxiety
6,47,18,29,6.9,3.45,6.9,3.45,3.45,24.14,6.9,0,3.45,10.34,20.69,3.45,6.9,0,0,0,44.83,6.9,7,CTRL,High Anxiety
1,118,56,62,4.3,5.38,7.53,2.15,4.3,19.35,4.3,4.3,5.38,3.23,19.35,6.45,3.23,5.38,4.3,1.08,38.71,5.38,8,CTRL,High Anxiety
2,48,26,22,0,0,0,6.67,0,33.33,0,6.67,0,0,46.67,6.67,0,0,0,0,80,0,8,CTRL,High Anxiety
3,70,37,33,0,0,8.33,0,4.17,35.42,0,2.08,0,8.33,31.25,2.08,2.08,0,2.08,4.17,66.67,4.17,8,CTRL,High Anxiety
4,84,45,39,0,0,1.49,4.48,2.99,32.84,5.97,1.49,0,5.97,34.33,2.99,2.99,2.99,1.49,0,67.16,0,8,CTRL,High Anxiety
5,97,44,53,8.7,2.9,10.14,2.9,10.14,14.49,2.9,2.9,4.35,11.59,15.94,1.45,2.9,1.45,1.45,5.8,30.43,14.49,8,CTRL,High Anxiety
6,106,53,53,5.88,5.88,2.94,2.94,2.94,20.59,5.88,2.94,2.94,5.88,17.65,5.88,5.88,2.94,5.88,2.94,38.24,8.82,8,CTRL,High Anxiety
1,82,47,35,0,0,4.48,7.46,7.46,7.46,7.46,7.46,0,10.45,11.94,5.97,2.99,11.94,7.46,7.46,19.4,7.46,9,CTRL,Low Anxiety
2,82,40,42,6.35,3.17,6.35,3.17,4.76,20.63,3.17,3.17,1.59,4.76,22.22,4.76,3.17,4.76,4.76,3.17,42.86,9.52,9,CTRL,Low Anxiety
3,65,31,34,7.69,3.85,0,19.23,0,0,19.23,7.69,3.85,7.69,3.85,7.69,7.69,11.54,0,0,3.85,7.69,9,CTRL,Low Anxiety
4,34,11,23,0,0,50,0,0,0,0,50,0,0,0,0,0,0,0,0,0,0,9,CTRL,Low Anxiety
5,45,21,24,0,0,20,0,0,20,20,0,0,10,0,20,10,0,0,0,20,0,9,CTRL,Low Anxiety
6,31,17,14,0,0,0,0,0,100,0,0,0,0,0,0,0,0,0,0,100,0,9,CTRL,Low Anxiety
1,123,59,64,0,1.67,6.67,0.83,5.83,36.67,0.83,0,1.67,5.83,35.83,0,1.67,0,0.83,1.67,72.5,1.67,10,CTRL,High Anxiety
2,129,62,67,0,0,3.39,0.85,0.85,41.53,3.39,0,0.85,4.24,38.98,2.54,3.39,0,0,0,80.51,0,10,CTRL,High Anxiety
3,152,74,78,0,0,2.01,0.67,2.01,45.64,0.67,0,0,2.68,45.64,0,0.67,0,0,0,91.28,0,10,CTRL,High Anxiety
4,155,77,78,0,0,0.66,0.66,1.32,46.05,1.32,0,0,1.32,46.71,0.66,0,1.32,0,0,92.76,0,10,CTRL,High Anxiety
5,162,81,81,0,0,0,0.63,0.63,47.8,0.63,0,0,0.63,49.06,0,0,0.63,0,0,96.86,0,10,CTRL,High Anxiety
6,226,113,113,0,0,0.47,0,0.47,49.06,0.47,0,0,0.47,48.11,0.47,0,0.47,0,0,97.17,0,10,CTRL,High Anxiety
1,51,24,27,0,3.33,13.33,3.33,6.67,20,3.33,3.33,3.33,10,20,3.33,0,3.33,3.33,3.33,40,3.33,11,CAS,Low Anxiety
2,90,52,38,0,1.27,5.06,6.33,6.33,8.86,10.13,7.59,1.27,10.13,8.86,11.39,5.06,8.86,6.33,2.53,17.72,2.53,11,CAS,Low Anxiety
3,110,59,51,1.01,2.02,5.05,7.07,4.04,10.1,13.13,3.03,1.01,11.11,9.09,10.1,8.08,8.08,3.03,4.04,19.19,5.05,11,CAS,Low Anxiety
4,149,86,63,2.34,3.12,3.12,7.03,3.91,5.47,8.59,10.16,2.34,7.03,7.03,9.38,5.47,10.94,8.59,5.47,12.5,7.81,11,CAS,Low Anxiety
5,135,79,56,0.88,3.54,4.42,7.96,6.19,5.31,7.96,6.19,3.54,7.08,7.08,5.31,4.42,7.96,6.19,15.93,12.39,16.81,11,CAS,Low Anxiety
6,126,77,49,0,1.41,2.82,2.82,1.41,7.04,4.23,11.27,1.41,2.82,5.63,12.68,4.23,12.68,14.08,15.49,12.68,15.49,11,CAS,Low Anxiety
1,84,39,45,1.64,3.28,11.48,0,9.84,22.95,3.28,1.64,3.28,9.84,26.23,3.28,1.64,1.64,0,0,49.18,1.64,12,CAS,High Anxiety
2,90,48,42,0,0,3.39,3.39,3.39,25.42,8.47,3.39,0,6.78,23.73,6.78,6.78,5.08,3.39,0,49.15,0,12,CAS,High Anxiety
3,83,46,37,0,0,2.9,0,4.35,23.19,7.25,4.35,1.45,2.9,23.19,11.59,0,8.7,4.35,5.8,46.38,5.8,12,CAS,High Anxiety
4,86,49,37,0,2.5,0,10,7.5,7.5,10,10,0,2.5,12.5,10,0,15,7.5,5,20,5,12,CAS,High Anxiety
5,96,53,43,0,0,6.25,9.38,3.12,9.38,15.62,3.12,0,12.5,3.12,12.5,9.38,12.5,3.12,0,12.5,0,12,CAS,High Anxiety
6,77,39,38,0,9.09,6.06,3.03,6.06,9.09,9.09,3.03,6.06,6.06,9.09,6.06,12.12,3.03,3.03,9.09,18.18,9.09,12,CAS,High Anxiety
1,81,39,42,3.77,1.89,7.55,0,5.66,26.42,3.77,3.77,1.89,5.66,20.75,7.55,0,3.77,3.77,3.77,47.17,7.55,13,CAS,High Anxiety
2,58,32,26,0,0,0,5.56,5.56,16.67,11.11,5.56,0,5.56,27.78,5.56,0,11.11,5.56,0,44.44,0,13,CAS,High Anxiety
3,65,21,44,2.22,11.11,17.78,2.22,17.78,8.89,2.22,2.22,13.33,6.67,6.67,2.22,4.44,0,2.22,0,15.56,2.22,13,CAS,High Anxiety
4,111,46,65,15.74,8.33,6.48,4.63,6.48,8.33,5.56,3.7,7.41,2.78,8.33,4.63,3.7,5.56,3.7,4.63,16.67,20.37,13,CAS,High Anxiety
5,84,49,35,1.37,5.48,4.11,2.74,5.48,8.22,6.85,6.85,5.48,1.37,9.59,10.96,2.74,13.7,8.22,6.85,17.81,8.22,13,CAS,High Anxiety
6,78,49,29,1.52,3.03,4.55,1.52,3.03,9.09,9.09,4.55,3.03,3.03,7.58,13.64,4.55,13.64,6.06,12.12,16.67,13.64,13,CAS,High Anxiety
1,134,72,62,0,5.04,7.56,2.52,5.88,15.13,5.88,5.04,5.04,4.2,14.29,8.4,2.52,10.08,5.88,2.52,29.41,2.52,14,CAS,High Anxiety
2,96,51,45,1.45,2.9,2.9,4.35,2.9,15.94,14.49,1.45,2.9,4.35,18.84,11.59,4.35,10.14,1.45,0,34.78,1.45,14,CAS,High Anxiety
3,91,46,45,2.04,6.12,8.16,6.12,8.16,10.2,6.12,4.08,4.08,10.2,12.24,4.08,6.12,4.08,6.12,2.04,22.45,4.08,14,CAS,High Anxiety
4,81,38,43,0,6.45,6.45,3.23,9.68,19.35,9.68,0,6.45,6.45,16.13,3.23,3.23,9.68,0,0,35.48,0,14,CAS,High Anxiety
5,48,19,29,0,42.86,28.57,0,0,14.29,0,0,0,0,14.29,0,0,0,0,0,28.57,0,14,CAS,High Anxiety
6,42,17,25,0,0,0,0,100,0,0,0,0,0,0,0,0,0,0,0,0,0,14,CAS,High Anxiety
1,72,53,19,1.64,3.28,1.64,1.64,3.28,8.2,0,6.56,3.28,0,9.84,8.2,0,9.84,8.2,34.43,18.03,36.07,15,CAS,Low Anxiety
2,87,47,40,6.58,3.95,5.26,2.63,2.63,11.84,7.89,6.58,3.95,3.95,9.21,11.84,5.26,7.89,6.58,3.95,21.05,10.53,15,CAS,Low Anxiety
3,61,32,29,0,2,6,8,8,10,14,2,2,14,10,8,6,8,2,0,20,0,15,CAS,Low Anxiety
4,46,26,20,0,3.23,6.45,3.23,6.45,3.23,12.9,9.68,3.23,6.45,3.23,12.9,3.23,9.68,9.68,6.45,6.45,6.45,15,CAS,Low Anxiety
5,47,23,24,9.38,6.25,3.12,6.25,3.12,12.5,9.38,3.12,6.25,3.12,15.62,9.38,3.12,6.25,3.12,0,28.12,9.38,15,CAS,Low Anxiety
6,94,46,48,6.45,3.23,4.84,3.23,6.45,12.9,6.45,6.45,3.23,4.84,16.13,8.06,3.23,8.06,4.84,1.61,29.03,8.06,15,CAS,Low Anxiety
1,97,51,46,0,1.16,3.49,3.49,3.49,23.26,9.3,2.33,1.16,5.81,24.42,6.98,3.49,8.14,2.33,1.16,47.67,1.16,16,CAS,Low Anxiety
2,86,42,44,1.39,2.78,4.17,2.78,5.56,22.22,4.17,4.17,2.78,4.17,25,5.56,1.39,6.94,4.17,2.78,47.22,4.17,16,CAS,Low Anxiety
3,79,40,39,5.71,5.71,5.71,8.57,5.71,14.29,5.71,8.57,2.86,8.57,17.14,2.86,5.71,2.86,0,0,31.43,5.71,16,CAS,Low Anxiety
4,80,39,41,14.89,4.26,6.38,2.13,6.38,4.26,2.13,6.38,8.51,4.26,4.26,4.26,6.38,4.26,12.77,8.51,8.51,23.4,16,CAS,Low Anxiety
5,80,35,45,3.45,10.34,6.9,3.45,3.45,13.79,6.9,3.45,6.9,0,17.24,6.9,3.45,6.9,3.45,3.45,31.03,6.9,16,CAS,Low Anxiety
6,66,36,30,0,0,0,6.25,0,6.25,18.75,0,6.25,0,18.75,18.75,0,18.75,6.25,0,25,0,16,CAS,Low Anxiety
1,166,82,84,3.68,7.36,6.75,4.29,7.36,11.66,4.29,5.52,7.36,3.07,12.27,5.52,3.07,6.75,5.52,5.52,23.93,9.2,17,CTRL,Low Anxiety
2,142,76,66,2.96,2.22,2.22,1.48,2.96,21.48,11.85,1.48,2.22,1.48,22.96,11.11,0.74,12.59,1.48,0.74,44.44,3.7,17,CTRL,Low Anxiety
3,104,60,44,0,0,3.95,1.32,1.32,26.32,9.21,3.95,0,5.26,18.42,11.84,2.63,10.53,3.95,1.32,44.74,1.32,17,CTRL,Low Anxiety
4,124,74,50,0,1.83,1.83,1.83,2.75,22.02,7.34,3.67,1.83,1.83,22.94,10.09,0.92,12.84,4.59,3.67,44.95,3.67,17,CTRL,Low Anxiety
5,122,76,46,0,0.93,1.87,1.87,2.8,14.95,5.61,10.28,0.93,3.74,15.89,12.15,1.87,13.08,9.35,4.67,30.84,4.67,17,CTRL,Low Anxiety
6,124,69,55,0,0.91,0.91,3.64,3.64,22.73,10,2.73,0.91,2.73,26.36,9.09,0,13.64,2.73,0,49.09,0,17,CTRL,Low Anxiety
1,102,43,59,5.8,7.25,7.25,10.14,4.35,4.35,11.59,4.35,10.14,7.25,1.45,5.8,13.04,1.45,4.35,1.45,5.8,7.25,18,CTRL,High Anxiety
2,89,37,52,17.02,6.38,8.51,4.26,8.51,8.51,6.38,2.13,4.26,6.38,10.64,2.13,4.26,2.13,4.26,4.26,19.15,21.28,18,CTRL,High Anxiety
3,109,51,58,5.88,9.8,5.88,5.88,7.84,1.96,3.92,7.84,9.8,3.92,1.96,5.88,5.88,5.88,9.8,7.84,3.92,13.73,18,CTRL,High Anxiety
4,79,31,48,17.5,10,15,2.5,10,7.5,2.5,2.5,5,7.5,5,5,5,2.5,2.5,0,12.5,17.5,18,CTRL,High Anxiety
5,55,24,31,25,0,0,25,0,0,0,0,0,0,0,25,0,25,0,0,0,25,18,CTRL,High Anxiety
6,62,28,34,0,0,16.67,0,0,16.67,0,0,0,33.33,0,16.67,16.67,0,0,0,16.67,0,18,CTRL,High Anxiety
1,97,48,49,1.2,3.61,7.23,3.61,7.23,21.69,7.23,1.2,3.61,7.23,20.48,6.02,4.82,3.61,1.2,0,42.17,1.2,19,CAS,Low Anxiety
2,80,40,40,0,2.82,2.82,4.23,7.04,21.13,7.04,2.82,2.82,4.23,26.76,5.63,0,9.86,2.82,0,47.89,0,19,CAS,Low Anxiety
3,68,33,35,1.89,3.77,11.32,0,13.21,16.98,1.89,3.77,5.66,9.43,15.09,5.66,1.89,3.77,3.77,1.89,32.08,3.77,19,CAS,Low Anxiety
4,100,49,51,4.65,4.65,4.65,2.33,5.81,18.6,8.14,3.49,3.49,3.49,19.77,8.14,1.16,9.3,2.33,0,38.37,4.65,19,CAS,Low Anxiety
5,106,55,51,2.53,6.33,7.59,5.06,2.53,13.92,6.33,6.33,5.06,6.33,7.59,7.59,8.86,5.06,5.06,3.8,21.52,6.33,19,CAS,Low Anxiety
6,93,55,38,7.69,3.85,5.13,5.13,1.28,3.85,1.28,11.54,5.13,5.13,0,7.69,8.97,6.41,12.82,14.1,3.85,21.79,19,CAS,Low Anxiety
1,126,48,78,8.41,12.15,10.28,5.61,10.28,8.41,4.67,2.8,11.21,3.74,8.41,1.87,5.61,2.8,2.8,0.93,16.82,9.35,20,CAS,High Anxiety
2,141,57,84,11.54,10,10,3.85,8.46,5.38,5.38,4.62,10,4.62,4.62,4.62,6.15,3.85,4.62,2.31,10,13.85,20,CAS,High Anxiety
3,132,53,79,17,6,7,3,9,10,3,5,7,4,11,5,1,6,5,1,21,18,20,CAS,High Anxiety
4,126,56,70,6.19,5.31,10.62,5.31,11.5,9.73,4.42,3.54,5.31,10.62,9.73,3.54,4.42,3.54,3.54,2.65,19.47,8.85,20,CAS,High Anxiety
5,138,59,79,4.35,5.22,13.91,0.87,11.3,13.91,0.87,4.35,6.09,7.83,12.17,4.35,3.48,2.61,5.22,3.48,26.09,7.83,20,CAS,High Anxiety
6,134,61,73,12.62,4.85,6.8,3.88,5.83,12.62,6.8,2.91,4.85,5.83,8.74,6.8,4.85,6.8,3.88,1.94,21.36,14.56,20,CAS,High Anxiety
1,104,48,56,2.63,5.26,9.21,2.63,7.89,21.05,3.95,1.32,3.95,7.89,19.74,2.63,3.95,5.26,2.63,0,40.79,2.63,21,CAS,Low Anxiety
2,123,57,66,8.7,7.61,6.52,5.43,8.7,8.7,4.35,4.35,7.61,6.52,8.7,4.35,4.35,4.35,4.35,5.43,17.39,14.13,21,CAS,Low Anxiety
3,88,43,45,4.35,2.9,8.7,5.8,5.8,14.49,5.8,2.9,4.35,11.59,11.59,4.35,8.7,4.35,4.35,0,26.09,4.35,21,CAS,Low Anxiety
4,101,47,54,4.3,4.3,5.38,4.3,6.45,21.51,4.3,2.15,4.3,5.38,22.58,3.23,3.23,3.23,2.15,3.23,44.09,7.53,21,CAS,Low Anxiety
5,96,53,43,0,4.41,5.88,4.41,4.41,14.71,2.94,8.82,2.94,4.41,16.18,8.82,2.94,7.35,7.35,4.41,30.88,4.41,21,CAS,Low Anxiety
6,124,68,56,1.35,5.41,5.41,6.76,5.41,12.16,5.41,6.76,6.76,5.41,10.81,5.41,5.41,5.41,6.76,5.41,22.97,6.76,21,CAS,Low Anxiety
1,73,35,38,2,4,10,0,4,24,8,0,2,6,24,8,4,4,0,0,48,2,22,CAS,High Anxiety
2,77,45,32,1.82,3.64,3.64,1.82,1.82,21.82,1.82,7.27,3.64,3.64,18.18,5.45,3.64,3.64,5.45,12.73,40,14.55,22,CAS,High Anxiety
3,83,40,43,0,0,7.25,1.45,8.7,21.74,7.25,1.45,1.45,8.7,24.64,7.25,0,8.7,1.45,0,46.38,0,22,CAS,High Anxiety
4,75,38,37,0,3.57,0,7.14,3.57,26.79,10.71,1.79,1.79,3.57,26.79,3.57,1.79,7.14,1.79,0,53.57,0,22,CAS,High Anxiety
5,70,37,33,0,3.17,0,3.17,1.59,30.16,3.17,3.17,3.17,0,34.92,3.17,1.59,6.35,4.76,1.59,65.08,1.59,22,CAS,High Anxiety
6,113,59,54,2.6,2.6,5.19,5.19,3.9,16.88,9.09,2.6,2.6,7.79,14.29,6.49,5.19,9.09,3.9,2.6,31.17,5.19,22,CAS,High Anxiety
1,79,41,38,1.56,3.12,9.38,10.94,6.25,3.12,15.62,1.56,3.12,15.62,1.56,7.81,12.5,6.25,1.56,0,4.69,1.56,23,CAS,High Anxiety
2,65,33,32,1.85,7.41,9.26,3.7,9.26,7.41,7.41,3.7,7.41,7.41,7.41,5.56,5.56,3.7,1.85,11.11,14.81,12.96,23,CAS,High Anxiety
3,85,47,38,0,1.56,6.25,4.69,7.81,14.06,4.69,6.25,1.56,9.38,14.06,7.81,3.12,6.25,7.81,4.69,28.12,4.69,23,CAS,High Anxiety
4,32,18,14,0,5.88,0,5.88,5.88,23.53,11.76,0,5.88,0,23.53,5.88,5.88,5.88,0,0,47.06,0,23,CAS,High Anxiety
5,48,28,20,0,2.56,0,5.13,2.56,12.82,7.69,7.69,2.56,2.56,12.82,12.82,5.13,12.82,7.69,5.13,25.64,5.13,23,CAS,High Anxiety
6,52,26,26,4.55,2.27,4.55,4.55,2.27,11.36,9.09,6.82,2.27,4.55,9.09,13.64,4.55,11.36,6.82,2.27,20.45,6.82,23,CAS,High Anxiety
1,124,62,62,5.61,4.67,5.61,1.87,4.67,13.08,8.41,3.74,4.67,3.74,12.15,11.21,3.74,9.35,4.67,2.8,25.23,8.41,24,CAS,Low Anxiety
2,140,82,58,1.85,1.85,3.7,1.85,1.85,16.67,2.78,10.19,1.85,4.63,15.74,10.19,4.63,8.33,9.26,4.63,32.41,6.48,24,CAS,Low Anxiety
3,110,57,53,2.78,2.78,5.56,2.78,5.56,16.67,5.56,4.17,2.78,5.56,19.44,6.94,1.39,8.33,2.78,6.94,36.11,9.72,24,CAS,Low Anxiety
4,123,60,63,8.33,8.33,4.17,6.25,6.25,2.08,10.42,4.17,12.5,2.08,4.17,8.33,8.33,8.33,4.17,2.08,6.25,10.42,24,CAS,Low Anxiety
5,133,78,55,1.64,1.64,4.92,3.28,1.64,13.11,3.28,9.84,0,6.56,11.48,11.48,4.92,9.84,9.84,6.56,24.59,8.2,24,CAS,Low Anxiety
6,101,53,48,5.88,5.88,0,5.88,0,29.41,0,0,0,0,23.53,11.76,0,5.88,5.88,5.88,52.94,11.76,24,CAS,Low Anxiety
1,65,33,32,1.75,1.75,10.53,5.26,8.77,8.77,8.77,3.51,1.75,14.04,5.26,7.02,7.02,5.26,3.51,7.02,14.04,8.77,25,CTRL,Low Anxiety
2,52,26,26,5.41,5.41,5.41,10.81,8.11,2.7,5.41,8.11,5.41,10.81,5.41,2.7,8.11,2.7,8.11,5.41,8.11,10.81,25,CTRL,Low Anxiety
3,64,35,29,0,1.75,5.26,3.51,7.02,14.04,3.51,8.77,1.75,7.02,17.54,7.02,0,12.28,8.77,1.75,31.58,1.75,25,CTRL,Low Anxiety
4,73,34,39,10.64,10.64,6.38,4.26,6.38,10.64,6.38,2.13,8.51,4.26,14.89,2.13,6.38,2.13,2.13,2.13,25.53,12.77,25,CTRL,Low Anxiety
5,80,42,38,8.51,4.26,2.13,6.38,2.13,4.26,8.51,8.51,10.64,4.26,6.38,6.38,6.38,8.51,6.38,6.38,10.64,14.89,25,CTRL,Low Anxiety
6,51,30,21,0,3.85,7.69,3.85,0,7.69,7.69,11.54,3.85,7.69,3.85,11.54,11.54,7.69,11.54,0,11.54,0,25,CTRL,Low Anxiety
1,170,80,90,4.69,4.69,7.03,5.47,7.81,10.94,5.47,3.91,3.91,10.16,13.28,3.91,6.25,4.69,3.91,3.91,24.22,8.59,26,CTRL,Low Anxiety
2,127,68,59,1.89,0.94,3.77,1.89,1.89,20.75,9.43,3.77,0.94,4.72,20.75,9.43,3.77,9.43,3.77,2.83,41.51,4.72,26,CTRL,Low Anxiety
3,130,71,59,0,0.98,2.94,0,2.94,35.29,2.94,1.96,0.98,1.96,37.25,3.92,0,3.92,0.98,3.92,72.55,3.92,26,CTRL,Low Anxiety
4,129,69,60,2.08,2.08,8.33,3.12,6.25,13.54,6.25,7.29,2.08,8.33,11.46,7.29,5.21,5.21,6.25,5.21,25,7.29,26,CTRL,Low Anxiety
5,91,50,41,0,3.33,5,3.33,1.67,13.33,8.33,6.67,3.33,6.67,13.33,8.33,6.67,6.67,6.67,6.67,26.67,6.67,26,CTRL,Low Anxiety
6,133,68,65,4.9,2.94,5.88,0.98,5.88,15.69,5.88,4.9,3.92,4.9,15.69,7.84,2.94,7.84,5.88,3.92,31.37,8.82,26,CTRL,Low Anxiety
1,0,0,0,0,0,0,0,0,0,0,0,0,0,0,0,0,0,0,0,0,0,27,CTRL,Low Anxiety
2,98,48,50,2.3,4.6,6.9,5.75,8.05,11.49,8.05,3.45,5.75,8.05,11.49,8.05,4.6,6.9,3.45,1.15,22.99,3.45,27,CTRL,Low Anxiety
3,90,42,48,5.71,4.29,10,1.43,8.57,18.57,4.29,2.86,4.29,7.14,18.57,7.14,2.86,2.86,1.43,0,37.14,5.71,27,CTRL,Low Anxiety
4,83,36,47,2.99,5.97,10.45,1.49,7.46,19.4,2.99,4.48,5.97,4.48,17.91,2.99,5.97,1.49,4.48,1.49,37.31,4.48,27,CTRL,Low Anxiety
5,68,36,32,1.75,1.75,5.26,5.26,5.26,17.54,8.77,1.75,1.75,8.77,19.3,5.26,1.75,8.77,1.75,5.26,36.84,7.02,27,CTRL,Low Anxiety
6,77,36,41,0,0,9.26,3.7,9.26,22.22,9.26,0,0,12.96,22.22,3.7,3.7,3.7,0,0,44.44,0,27,CTRL,Low Anxiety
1,75,41,34,0,1.47,4.41,2.94,1.47,23.53,7.35,5.88,1.47,4.41,20.59,10.29,4.41,7.35,4.41,0,44.12,0,28,CTRL,Low Anxiety
2,52,32,20,0,0,0,0,0,22.22,6.67,6.67,0,0,26.67,13.33,0,15.56,6.67,2.22,48.89,2.22,28,CTRL,Low Anxiety
3,54,30,24,0,0,0,2.56,0,28.21,12.82,2.56,0,2.56,25.64,10.26,2.56,10.26,2.56,0,53.85,0,28,CTRL,Low Anxiety
4,44,20,24,0,5.41,10.81,5.41,10.81,10.81,8.11,2.7,5.41,10.81,8.11,5.41,8.11,2.7,2.7,2.7,18.92,2.7,28,CTRL,Low Anxiety
5,45,18,27,15.79,5.26,5.26,2.63,5.26,15.79,5.26,2.63,7.89,2.63,15.79,5.26,5.26,2.63,2.63,0,31.58,15.79,28,CTRL,Low Anxiety
6,54,19,35,4.55,11.36,15.91,2.27,18.18,11.36,2.27,0,11.36,6.82,13.64,0,2.27,0,0,0,25,4.55,28,CTRL,Low Anxiety
1,120,61,59,2.68,4.46,8.04,1.79,5.36,18.75,3.57,4.46,4.46,5.36,16.96,5.36,4.46,3.57,5.36,5.36,35.71,8.04,30,CTRL,Low Anxiety
2,100,45,55,8.06,4.84,4.84,3.23,4.84,24.19,6.45,1.61,4.84,3.23,24.19,0,4.84,1.61,1.61,1.61,48.39,9.68,30,CTRL,Low Anxiety
3,94,48,46,5.56,5.56,8.33,2.78,2.78,11.11,5.56,8.33,2.78,5.56,5.56,8.33,11.11,5.56,5.56,5.56,16.67,11.11,30,CTRL,Low Anxiety
4,115,49,66,9.38,7.81,7.81,1.56,4.69,15.62,6.25,3.12,6.25,3.12,10.94,7.81,6.25,4.69,4.69,0,26.56,9.38,30,CTRL,Low Anxiety
5,82,39,43,12,0,4,8,4,4,8,12,4,0,4,8,4,8,12,8,8,20,30,CTRL,Low Anxiety
6,79,34,45,5.56,11.11,5.56,5.56,5.56,0,11.11,0,11.11,0,5.56,11.11,11.11,5.56,5.56,5.56,5.56,11.11,30,CTRL,Low Anxiety
1,12,6,6,0,0,0,0,0,0,0,0,0,0,0,0,0,0,0,0,0,0,31,CAS,High Anxiety
2,101,44,57,8.47,8.47,8.47,3.39,8.47,15.25,0,5.08,6.78,1.69,16.95,1.69,5.08,1.69,6.78,1.69,32.2,10.17,31,CAS,High Anxiety
3,128,70,58,2.74,2.74,2.74,4.11,6.85,17.81,5.48,2.74,4.11,4.11,24.66,4.11,1.37,6.85,4.11,5.48,42.47,8.22,31,CAS,High Anxiety
4,136,57,79,13.85,6.15,12.31,0,3.08,13.85,6.15,4.62,6.15,6.15,9.23,4.62,6.15,3.08,4.62,0,23.08,13.85,31,CAS,High Anxiety
5,116,56,60,3.03,9.09,6.06,6.06,3.03,18.18,6.06,3.03,9.09,3.03,12.12,3.03,0,12.12,3.03,3.03,30.3,6.06,31,CAS,High Anxiety
6,126,63,63,2.13,4.26,0,2.13,4.26,29.79,0,2.13,0,2.13,48.94,0,0,2.13,2.13,0,78.72,2.13,31,CAS,High Anxiety
1,67,35,32,8.33,8.33,4.17,6.25,2.08,6.25,6.25,8.33,6.25,4.17,4.17,8.33,10.42,4.17,8.33,4.17,10.42,12.5,32,CAS,Low Anxiety
2,109,58,51,10.84,4.82,1.2,9.64,2.41,2.41,7.23,9.64,6.02,6.02,3.61,6.02,8.43,7.23,7.23,7.23,6.02,18.07,32,CAS,Low Anxiety
3,108,49,59,10.94,4.69,7.81,7.81,7.81,4.69,9.38,4.69,7.81,7.81,3.12,4.69,6.25,4.69,4.69,3.12,7.81,14.06,32,CAS,Low Anxiety
4,117,59,58,0,3.92,5.88,9.8,5.88,5.88,3.92,13.73,5.88,9.8,7.84,5.88,7.84,1.96,7.84,3.92,13.73,3.92,32,CAS,Low Anxiety
5,64,31,33,6.67,13.33,6.67,6.67,6.67,6.67,6.67,6.67,13.33,0,0,6.67,6.67,6.67,6.67,0,6.67,6.67,32,CAS,Low Anxiety
6,43,21,22,0,0,18.18,0,27.27,9.09,0,0,0,27.27,9.09,0,0,9.09,0,0,18.18,0,32,CAS,Low Anxiety
1,80,39,41,2.74,4.11,6.85,4.11,9.59,15.07,5.48,2.74,4.11,6.85,17.81,5.48,2.74,5.48,2.74,4.11,32.88,6.85,34,CAS,High Anxiety
2,73,31,42,4.84,4.84,12.9,3.23,12.9,11.29,3.23,3.23,4.84,11.29,14.52,3.23,1.61,4.84,3.23,0,25.81,4.84,34,CAS,High Anxiety
3,103,45,58,5.95,5.95,5.95,2.38,7.14,28.57,3.57,0,5.95,2.38,26.19,2.38,1.19,2.38,0,0,54.76,5.95,34,CAS,High Anxiety
4,97,48,49,0,1.59,1.59,3.17,3.17,26.98,6.35,1.59,4.76,4.76,31.75,1.59,6.35,3.17,1.59,1.59,58.73,1.59,34,CAS,High Anxiety
5,118,53,65,7.81,4.69,1.56,6.25,3.12,14.06,14.06,0,6.25,3.12,14.06,9.38,9.38,6.25,0,0,28.12,7.81,34,CAS,High Anxiety
6,113,42,71,8.2,6.56,3.28,4.92,11.48,18.03,6.56,0,6.56,3.28,22.95,3.28,0,4.92,0,0,40.98,8.2,34,CAS,High Anxiety
1,102,52,50,4.23,1.41,2.82,5.63,4.23,19.72,5.63,4.23,1.41,5.63,22.54,4.23,2.82,7.04,4.23,4.23,42.25,8.45,36,CAS,High Anxiety
2,93,39,54,3.33,5,5,3.33,8.33,28.33,3.33,0,5,3.33,30,1.67,1.67,1.67,0,0,58.33,3.33,36,CAS,High Anxiety
3,121,58,63,0,0,3.51,3.51,6.14,35.09,4.39,0,0,7.02,35.96,0.88,0.88,2.63,0,0,71.05,0,36,CAS,High Anxiety
4,101,43,58,3.49,2.33,9.3,1.16,8.14,27.91,3.49,0,2.33,6.98,27.91,2.33,1.16,3.49,0,0,55.81,3.49,36,CAS,High Anxiety
5,103,43,60,6.78,6.78,8.47,1.69,8.47,20.34,3.39,3.39,3.39,5.08,20.34,5.08,1.69,0,3.39,1.69,40.68,8.47,36,CAS,High Anxiety
6,88,38,50,7.35,2.94,4.41,2.94,4.41,30.88,2.94,1.47,2.94,4.41,27.94,1.47,2.94,1.47,1.47,0,58.82,7.35,36,CAS,High Anxiety
1,76,43,33,0,0,0,3.7,1.85,16.67,7.41,5.56,0,3.7,22.22,9.26,1.85,12.96,5.56,9.26,38.89,9.26,37,CTRL,Low Anxiety
2,97,51,46,2.38,2.38,3.57,4.76,3.57,23.81,2.38,5.95,2.38,5.95,25,2.38,4.76,3.57,4.76,2.38,48.81,4.76,37,CTRL,Low Anxiety
3,0,0,0,0,0,0,0,0,0,0,0,0,0,0,0,0,0,0,0,0,0,37,CTRL,Low Anxiety
4,0,0,0,0,0,0,0,0,0,0,0,0,0,0,0,0,0,0,0,0,0,37,CTRL,Low Anxiety
5,60,38,22,2.04,4.08,2.04,4.08,2.04,8.16,8.16,6.12,2.04,2.04,8.16,14.29,2.04,12.24,6.12,16.33,16.33,18.37,37,CTRL,Low Anxiety
6,96,62,34,1.49,1.49,1.49,4.48,0,10.45,4.48,8.96,1.49,4.48,10.45,8.96,8.96,5.97,10.45,16.42,20.9,17.91,37,CTRL,Low Anxiety
1,115,54,61,5.21,7.29,8.33,4.17,7.29,10.42,6.25,5.21,7.29,6.25,9.38,6.25,5.21,5.21,5.21,1.04,19.79,6.25,39,CTRL,Low Anxiety
2,115,49,66,7.61,4.35,7.61,7.61,9.78,10.87,6.52,2.17,6.52,8.7,11.96,1.09,6.52,2.17,2.17,4.35,22.83,11.96,39,CTRL,Low Anxiety
3,105,46,59,9.21,6.58,11.84,5.26,7.89,3.95,9.21,2.63,9.21,10.53,1.32,5.26,9.21,3.95,2.63,1.32,5.26,10.53,39,CTRL,Low Anxiety
4,100,51,49,4.71,7.06,7.06,8.24,8.24,7.06,2.35,7.06,7.06,8.24,8.24,2.35,3.53,3.53,5.88,9.41,15.29,14.12,39,CTRL,Low Anxiety
5,105,57,48,3.37,5.62,3.37,8.99,3.37,8.99,2.25,11.24,5.62,6.74,6.74,4.49,7.87,3.37,10.11,7.87,15.73,11.24,39,CTRL,Low Anxiety
6,77,38,39,5.13,5.13,7.69,7.69,10.26,10.26,5.13,5.13,5.13,12.82,10.26,5.13,5.13,5.13,0,0,20.51,5.13,39,CTRL,Low Anxiety
1,144,81,63,0,1.79,3.57,6.25,4.46,11.61,7.14,8.04,0.89,7.14,13.39,8.04,4.46,9.82,6.25,7.14,25,7.14,40,CTRL,High Anxiety
2,119,60,59,0,4.49,4.49,3.37,6.74,17.98,5.62,4.49,4.49,3.37,21.35,7.87,1.12,8.99,5.62,0,39.33,0,40,CTRL,High Anxiety
3,109,50,59,11.36,6.82,9.09,2.27,9.09,12.5,4.55,1.14,5.68,5.68,13.64,4.55,2.27,4.55,2.27,4.55,26.14,15.91,40,CTRL,High Anxiety
4,113,63,50,0,0,1.75,1.75,3.51,17.54,10.53,5.26,1.75,3.51,19.3,12.28,1.75,14.04,5.26,1.75,36.84,1.75,40,CTRL,High Anxiety
5,89,49,40,0,0,0,8.33,8.33,16.67,8.33,8.33,0,8.33,16.67,8.33,0,0,8.33,8.33,33.33,8.33,40,CTRL,High Anxiety
6,88,47,41,0,7.14,3.57,3.57,3.57,14.29,14.29,3.57,7.14,3.57,10.71,10.71,7.14,7.14,3.57,0,25,0,40,CTRL,High Anxiety
1,137,53,84,7.75,8.53,14.73,2.33,12.4,9.3,3.1,3.88,7.75,8.53,6.2,4.65,3.88,2.33,3.88,0.78,15.5,8.53,41,CAS,Low Anxiety
2,115,53,62,4.21,6.32,8.42,2.11,7.37,15.79,5.26,3.16,5.26,5.26,16.84,6.32,2.11,5.26,3.16,3.16,32.63,7.37,41,CAS,Low Anxiety
3,77,38,39,0,1.54,7.69,1.54,6.15,26.15,0,4.62,1.54,9.23,24.62,3.08,4.62,1.54,4.62,3.08,50.77,3.08,41,CAS,Low Anxiety
4,101,46,55,3.61,4.82,7.23,9.64,8.43,7.23,8.43,3.61,4.82,10.84,7.23,2.41,9.64,2.41,3.61,6.02,14.46,9.64,41,CAS,Low Anxiety
5,103,48,55,4.65,5.81,12.79,2.33,11.63,12.79,1.16,5.81,5.81,6.98,10.47,4.65,2.33,4.65,5.81,2.33,23.26,6.98,41,CAS,Low Anxiety
6,160,87,73,3.55,3.55,4.26,4.96,6.38,9.22,2.84,9.93,4.26,4.96,10.64,8.51,3.55,9.93,9.22,4.26,19.86,7.8,41,CAS,Low Anxiety
1,166,75,91,6.25,3.12,4.69,2.34,3.91,29.69,3.91,0,3.12,4.69,31.25,2.34,2.34,2.34,0,0,60.94,6.25,42,CAS,High Anxiety
2,173,80,93,4.29,3.57,6.43,1.43,2.86,31.43,3.57,1.43,2.86,4.29,28.57,3.57,3.57,0.71,1.43,0,60,4.29,42,CAS,High Anxiety
3,110,50,60,0,0,11.11,0,8.08,33.33,1.01,0,0,11.11,33.33,1.01,1.01,0,0,0,66.67,0,42,CAS,High Anxiety
4,114,52,62,1.94,0.97,8.74,2.91,8.74,23.3,6.8,0,1.94,10.68,23.3,3.88,2.91,3.88,0,0,46.6,1.94,42,CAS,High Anxiety
5,157,80,77,0,0,5.8,2.9,5.8,31.16,3.62,1.45,0,7.97,31.16,2.9,2.17,2.17,0.72,2.17,62.32,2.17,42,CAS,High Anxiety
6,169,77,92,8,5.33,6,3.33,5.33,20,5.33,2.67,4.67,4,18.67,5.33,3.33,4.67,2.67,0.67,38.67,8.67,42,CAS,High Anxiety
1,93,30,63,12.7,7.94,9.52,0,11.11,15.87,1.59,3.17,9.52,1.59,14.29,4.76,3.17,1.59,3.17,0,30.16,12.7,43,CAS,Low Anxiety
2,57,18,39,11.9,9.52,19.05,2.38,16.67,7.14,2.38,0,9.52,9.52,4.76,0,4.76,0,2.38,0,11.9,11.9,43,CAS,Low Anxiety
3,47,15,32,15.62,6.25,12.5,3.12,12.5,12.5,3.12,0,12.5,6.25,12.5,0,3.12,0,0,0,25,15.62,43,CAS,Low Anxiety
4,120,44,76,8.16,10.2,12.24,2.04,11.22,13.27,6.12,0,10.2,3.06,12.24,3.06,4.08,3.06,1.02,0,25.51,8.16,43,CAS,Low Anxiety
5,119,59,60,4.35,4.35,5.43,3.26,5.43,17.39,5.43,3.26,4.35,4.35,17.39,6.52,3.26,6.52,3.26,5.43,34.78,9.78,43,CAS,Low Anxiety
6,117,48,69,8.25,8.25,11.34,5.15,10.31,8.25,6.19,2.06,7.22,7.22,9.28,3.09,5.15,3.09,2.06,3.09,17.53,11.34,43,CAS,Low Anxiety
1,154,81,73,2.17,4.35,6.52,5.07,9.42,10.14,3.62,5.07,5.07,7.25,13.04,3.62,2.9,7.25,6.52,7.97,23.19,10.14,44,CAS,High Anxiety
2,113,67,46,0,1.14,7.95,2.27,3.41,14.77,4.55,7.95,1.14,9.09,10.23,9.09,4.55,7.95,7.95,7.95,25,7.95,44,CAS,High Anxiety
3,69,31,38,1.72,5.17,12.07,5.17,13.79,12.07,3.45,3.45,5.17,12.07,15.52,0,3.45,3.45,3.45,0,27.59,1.72,44,CAS,High Anxiety
4,92,49,43,1.33,4,8,2.67,5.33,21.33,4,4,4,5.33,18.67,6.67,2.67,5.33,4,2.67,40,4,44,CAS,High Anxiety
5,101,54,47,0,1.75,1.75,3.51,3.51,21.05,7.02,3.51,1.75,3.51,22.81,7.02,3.51,10.53,7.02,1.75,43.86,1.75,44,CAS,High Anxiety
6,100,51,49,0,1.75,5.26,5.26,3.51,15.79,5.26,7.02,0,7.02,19.3,5.26,5.26,7.02,10.53,1.75,35.09,1.75,44,CAS,High Anxiety
1,153,72,81,7.09,6.3,6.3,4.72,6.3,12.6,7.87,3.94,5.51,5.51,11.02,7.87,3.94,6.3,3.94,0.79,23.62,7.87,45,CAS,Low Anxiety
2,115,58,57,2.06,2.06,6.19,1.03,5.15,26.8,5.15,2.06,2.06,5.15,24.74,6.19,1.03,5.15,2.06,3.09,51.55,5.15,45,CAS,Low Anxiety
3,78,37,41,7.14,5.36,5.36,7.14,7.14,16.07,7.14,1.79,3.57,7.14,19.64,1.79,0,8.93,1.79,0,35.71,7.14,45,CAS,Low Anxiety
4,55,27,28,0,0,6.98,2.33,4.65,27.91,6.98,0,0,6.98,30.23,6.98,2.33,4.65,0,0,58.14,0,45,CAS,Low Anxiety
5,116,62,54,0.99,0.99,5.94,1.98,2.97,25.74,3.96,2.97,0.99,6.93,24.75,5.94,3.96,4.95,2.97,3.96,50.5,4.95,45,CAS,Low Anxiety
6,86,43,43,2.41,2.41,6.02,2.41,2.41,21.69,10.84,1.2,2.41,6.02,19.28,9.64,4.82,7.23,1.2,0,40.96,2.41,45,CAS,Low Anxiety
1,115,67,48,1.39,0,4.17,2.78,1.39,12.5,6.94,8.33,0,8.33,9.72,11.11,6.94,8.33,8.33,9.72,22.22,11.11,46,CAS,Low Anxiety
2,103,54,49,0,2.17,4.35,3.26,4.35,26.09,4.35,3.26,2.17,5.43,27.17,4.35,2.17,5.43,3.26,2.17,53.26,2.17,46,CAS,Low Anxiety
3,111,71,40,0,0,3.77,7.55,1.89,9.43,5.66,11.32,0,7.55,5.66,9.43,5.66,5.66,7.55,18.87,15.09,18.87,46,CAS,Low Anxiety
4,121,84,37,2.56,3.85,2.56,1.28,1.28,2.56,3.85,7.69,3.85,0,2.56,8.97,3.85,11.54,10.26,33.33,5.13,35.9,46,CAS,Low Anxiety
5,105,54,51,0,2.56,3.85,5.13,6.41,24.36,3.85,2.56,2.56,6.41,25.64,2.56,2.56,3.85,3.85,3.85,50,3.85,46,CAS,Low Anxiety
6,101,50,51,3.08,3.08,7.69,3.08,6.15,24.62,3.08,3.08,1.54,9.23,24.62,1.54,3.08,1.54,3.08,1.54,49.23,4.62,46,CAS,Low Anxiety
1,16,104,-88,1.31,1.72,1.63,0.06,1.32,0.14,0.53,0.93,0.41,4.88,1.31,0.02,0.03,0.08,0.04,0.07,16.53,0.97,38,CTRL,High Anxiety
2,73,7,66,0.71,0.19,3.38,1.1,1.15,3,0.05,0.45,1.34,1.28,4.93,0.01,0.12,0.56,0.28,0.02,1.79,0.65,38,CTRL,High Anxiety
3,147,14,133,1.32,0.16,0.77,0.74,0.62,5.24,0.44,0.58,0.92,0.44,0.32,0.03,0.13,0.38,0.28,0.38,14.1,0.61,38,CTRL,High Anxiety
4,88,29,59,0.28,0.3,0.93,1.31,0.42,8.65,0.21,0.2,0.85,0,5.63,2.16,3.01,0.47,0.51,0.31,2.83,2.6,38,CTRL,High Anxiety
5,212,30,182,0.14,0.9,0.05,0.42,0.49,0.79,2.4,0.57,0.07,0.08,1.49,0.69,0.3,0.61,0.4,0.27,3.39,0.29,38,CTRL,High Anxiety
6,70,97,-27,0.04,0.74,0.2,1.36,1.6,1.5,1.89,0.34,0.3,1.44,6.26,1.11,1.07,0.21,0.92,0.31,0.61,0.03,38,CTRL,High Anxiety
1,182,45,137,0.8,0.04,1.62,0.56,1.72,8.9,0.44,0.55,0.24,0.77,1.7,0.25,0.15,0.49,0.86,0.25,8.61,0.13,33,CAS,High Anxiety
2,38,9,29,0.46,2.72,0.14,2.51,0.79,2.25,0.49,0.27,2.3,2.4,1.15,0.05,0.76,1.23,0.42,0.04,6.5,0.03,33,CAS,High Anxiety
3,196,131,65,1.01,0.22,0.25,0.14,1.4,0.35,0,0.88,0.58,0.72,6.36,2.53,1.49,0.37,0.28,0.15,6.35,0.94,33,CAS,High Anxiety
4,24,58,-34,1.96,0.9,0.52,0.16,0.27,0.25,1.53,1.08,0.37,0.03,3.96,0.51,0.2,0.61,0.37,0.86,2.98,1.27,33,CAS,High Anxiety
5,26,17,9,0.74,0.58,1.39,0.58,1.25,0.88,2.25,0.09,0.98,0.41,4.28,0.37,0.04,0.96,0.86,0.09,1.12,2.14,33,CAS,High Anxiety
6,118,25,93,0.1,0.06,2.17,0.64,2.31,4.66,0.6,0.45,0.36,2.31,0.32,0.32,1.36,0.62,0.06,0.28,9.5,2.25,33,CAS,High Anxiety
1,253,12,241,0.06,0.46,0.89,0.49,0.39,0.84,0.22,1.31,0.14,0.36,0.93,2.71,0.34,0.36,0.37,1.44,6.79,3.79,35,CAS,Low Anxiety
2,1,8,-7,0.64,1.22,3.58,0.17,1.52,0.94,0.95,0.34,0.24,0.2,6.56,0.5,1.12,0.86,0.47,0.06,0.62,2.36,35,CAS,Low Anxiety
3,62,29,33,1.4,0.67,1.24,0.74,0.75,2.88,1.09,0.14,1.5,1.63,2.36,1.37,0.8,1.74,0.48,0.48,9.13,0.11,35,CAS,Low Anxiety
4,74,36,38,1.24,2,0.63,0.28,1.52,0.23,0.1,0.76,3.99,0.72,1.22,0.07,2.32,0.43,0.54,0.31,6.02,0.54,35,CAS,Low Anxiety
5,99,13,86,1.02,1.29,0.15,0.32,0.77,8.22,0.16,1.08,0.21,0.04,0.78,0.01,0.2,0.31,0.67,0.17,3.09,2.07,35,CAS,Low Anxiety
6,134,198,-64,3.1,0.21,1.69,1.3,2.36,0.47,2.91,0.11,0.17,1.77,0.78,0.82,0.28,0.8,1.62,0.57,0.56,0.61,35,CAS,Low Anxiety
1,223,41,182,0.17,1.43,1.18,0.19,0.79,4.08,0.18,0.55,0.83,0.4,4.15,0.23,0.83,1.95,0.12,0.47,3.95,0.46,29,CTRL,High Anxiety
2,28,2,26,0.09,0.4,0.61,0.06,0.39,1,0.69,0.25,0.1,1.99,0.63,0.28,0.77,1.07,0.75,0.11,4.21,0.04,29,CTRL,High Anxiety
3,19,97,-78,1.04,0.6,0.03,0.75,2.39,3.36,0.52,0.43,0.53,2.03,0.23,0.76,0.12,0.47,0.51,0.01,0.78,0.42,29,CTRL,High Anxiety
4,151,67,84,0.16,0.38,0.85,1.39,0.34,1.57,2.03,0,1.03,0.37,7.43,0.06,0.68,0.52,0.07,0.89,18.52,0.41,29,CTRL,High Anxiety
5,149,67,82,0.15,0.01,0.11,0.7,1.1,2.56,2.63,0.02,0.03,1.83,3.58,2.49,0.89,0.06,1.36,0.08,1.77,2.66,29,CTRL,High Anxiety
6,98,56,42,0.73,0.19,2.92,0.82,0.76,7.13,0.68,2.09,0.26,0.2,3.92,2.23,0.46,0.85,0.21,0.62,10.42,0.55,29,CTRL,High Anxiety
